Borough,Population 2021,Population 2016,Growth Rate (%),Density (per km²)
Ahuntsic-Cartierville,135336,134245,0.8,5601.7
Anjou,43243,42796,1,3161
Côte-des-Neiges–Notre-Dame-de-Grâce,170583,166520,2.4,7956.3
Lachine,46428,44489,4.4,2620.1
LaSalle,82235,76853,7,5054.4
Le Plateau-Mont-Royal,105813,104000,1.7,13015.1
Le Sud-Ouest,84553,78151,8.2,5392.4
L'Île-Bizard–Sainte-Geneviève,18885,18413,2.6,800.2
Mercier–Hochelaga-Maisonneuve,140627,136024,3.4,5534.3
Montréal-Nord,88471,84234,5,8006.4
Outremont,24629,23954,2.8,6397.1
Pierrefonds-Roxboro,70382,69297,1.6,2601
Rivière-des-Prairies–Pointe-aux-Trembles,107941,106743,1.1,2553
Rosemont–La Petite-Patrie,141813,139590,1.6,8947.2
Saint-Laurent,102104,98828,3.3,2387.3
Saint-Léonard,79495,78305,1.5,5892.9
Verdun,70377,69229,1.7,7244.2
Ville-Marie,104944,89170,17.7,6352.5
Villeray–Saint-Michel–Parc-Extension,145090,143853,0.9,8798.7
