code_mamh,borough,population_2021,population_2016,growth_2016_2021_pct,density_2021_per_km2,population_2023_07_01,population_change_2021_2023_pct,requests_311,requests_office_flagged,requests_condition,requests_condition_clear_only,requests_service,requests_administrative,condition_road_sidewalk,condition_waste_cleanliness,condition_graffiti_vandalism,condition_noise_nuisance,condition_trees_greenspace,cleanliness_illegal_dumping,cleanliness_public_cleaning,cleanliness_graffiti,cleanliness_debris,cleanliness_total,rats,potholes,office_flagged_share_pct,administrative_share_pct,rate_requests_311,rate_requests_office_flagged,rate_requests_condition,rate_requests_condition_clear_only,rate_requests_service,rate_requests_administrative,rate_condition_road_sidewalk,rate_condition_waste_cleanliness,rate_condition_graffiti_vandalism,rate_condition_noise_nuisance,rate_condition_trees_greenspace,rate_cleanliness_illegal_dumping,rate_cleanliness_public_cleaning,rate_cleanliness_graffiti,rate_cleanliness_debris,rate_cleanliness_total,rate_rats,rate_potholes,rate_requests_condition_isq2023,crimes_break_in,crimes_mischief,crimes_offence_causing_death,crimes_robbery,crimes_theft_from_vehicle,crimes_vehicle_theft,crimes_total,rate_crimes_break_in,rate_crimes_mischief,rate_crimes_offence_causing_death,rate_crimes_robbery,rate_crimes_theft_from_vehicle,rate_crimes_vehicle_theft,rate_crimes_total,rate_crimes_total_isq2023
REM23,Ahuntsic-Cartierville,135336,134245,0.8,5601.7,144232,6.6,85812,1532,46771,26628,29291,8218,17252,17093,267,1136,11023,1789,2208,222,476,4695,201,2746,1.8,9.8,211.36,3.77,115.2,65.58,72.14,20.24,42.49,42.1,0.66,2.8,27.15,4.41,5.44,0.55,1.17,11.56,0.5,6.76,108.09,1053,970,5,285,980,1473,4766,2.59,2.39,0.01,0.7,2.41,3.63,11.74,11.01
REM09,Anjou,43243,42796,1.0,3161.0,45677,5.6,21517,835,11169,6121,6779,2734,4031,4344,45,311,2438,667,388,40,166,1261,22,474,3.9,13.2,165.86,6.44,86.09,47.18,52.26,21.07,31.07,33.49,0.35,2.4,18.79,5.14,2.99,0.31,1.28,9.72,0.17,3.65,81.51,193,365,3,83,447,553,1644,1.49,2.81,0.02,0.64,3.45,4.26,12.67,12.0
REM34,Côte-des-Neiges-Notre-Dame-de-Grâce,170583,166520,2.4,7956.3,185463,8.7,69312,1197,40957,25917,18116,9042,12822,17232,342,1177,9384,3455,2631,315,465,6866,151,1959,1.7,13.3,135.44,2.34,80.03,50.64,35.4,17.67,25.06,33.67,0.67,2.3,18.34,6.75,5.14,0.62,0.91,13.42,0.3,3.83,73.61,1203,1272,5,399,1036,1394,5309,2.35,2.49,0.01,0.78,2.02,2.72,10.37,9.54
REM32,L'Île-Bizard-Sainte-Geneviève,18885,18413,2.6,800.2,20022,6.0,14700,716,6644,2972,6061,1279,2017,3026,9,88,1504,117,168,5,49,339,2,355,4.9,9.1,259.47,12.64,117.27,52.46,106.98,22.58,35.6,53.41,0.16,1.55,26.55,2.07,2.97,0.09,0.86,5.98,0.04,6.27,110.61,81,86,0,11,101,55,334,1.43,1.52,0.0,0.19,1.78,0.97,5.9,5.56
REM17,LaSalle,82235,76853,7.0,5054.4,90975,10.6,29038,662,16106,9005,9359,2911,5584,5280,148,746,4348,585,933,137,171,1826,58,684,2.3,10.3,117.7,2.68,65.28,36.5,37.94,11.8,22.63,21.4,0.6,3.02,17.62,2.37,3.78,0.56,0.69,7.4,0.24,2.77,59.01,374,484,3,172,431,721,2185,1.52,1.96,0.01,0.7,1.75,2.92,8.86,8.01
REM27,Lachine,46428,44489,4.4,2620.1,50172,8.1,28491,904,15703,8621,8043,3841,5170,6884,81,467,3101,942,947,67,164,2120,2,1054,3.2,13.9,204.55,6.49,112.74,61.9,57.75,27.58,37.12,49.42,0.58,3.35,22.26,6.76,6.8,0.48,1.18,15.22,0.01,7.57,104.33,390,391,6,113,352,418,1670,2.8,2.81,0.04,0.81,2.53,3.0,11.99,11.1
REM21,Le Plateau-Mont-Royal,105813,104000,1.7,13015.1,113295,7.1,86867,1544,54051,39411,19627,11645,15550,28827,1259,1595,6820,11584,7030,1215,789,20618,329,2254,1.8,13.6,273.65,4.86,170.27,124.15,61.83,36.68,48.99,90.81,3.97,5.02,21.48,36.49,22.15,3.83,2.49,64.95,1.04,7.1,159.03,1682,1250,4,327,1333,1791,6387,5.3,3.94,0.01,1.03,4.2,5.64,20.12,18.79
REM20,Le Sud-Ouest,84553,78151,8.2,5392.4,93088,10.1,57196,1313,33430,22847,14273,8180,10740,14206,603,968,6913,4985,3353,575,443,9356,214,1692,2.3,14.6,225.48,5.18,131.79,90.07,56.27,32.25,42.34,56.0,2.38,3.82,27.25,19.65,13.22,2.27,1.75,36.88,0.84,6.67,119.71,1298,955,3,265,911,937,4369,5.12,3.76,0.01,1.04,3.59,3.69,17.22,15.64
REM22,Mercier-Hochelaga-Maisonneuve,140627,136024,3.4,5534.3,149629,6.4,98482,1801,62491,38365,23414,10776,17843,30978,840,1342,11488,8885,4960,783,894,15522,244,3026,1.8,11.1,233.44,4.27,148.12,90.94,55.5,25.54,42.29,73.43,1.99,3.18,27.23,21.06,11.76,1.86,2.12,36.79,0.58,7.17,139.21,1732,1474,7,392,1630,1656,6891,4.11,3.49,0.02,0.93,3.86,3.93,16.33,15.35
REM16,Montréal-Nord,88471,84234,5.0,8006.4,93250,5.4,42713,960,25433,16332,11828,4492,7713,12849,60,584,4227,2758,2283,41,311,5393,79,874,2.2,10.8,160.93,3.62,95.82,61.53,44.56,16.92,29.06,48.41,0.23,2.2,15.93,10.39,8.6,0.15,1.17,20.32,0.3,3.29,90.91,657,688,3,252,973,844,3417,2.48,2.59,0.01,0.95,3.67,3.18,12.87,12.21
REM05,Outremont,24629,23954,2.8,6397.1,27075,9.9,15514,423,10310,5784,2674,2107,3302,4710,118,143,2037,1188,695,116,33,2032,19,384,2.7,14.0,209.97,5.72,139.54,78.28,36.19,28.52,44.69,63.75,1.6,1.94,27.57,16.08,9.41,1.57,0.45,27.5,0.26,5.2,126.93,156,128,0,21,89,142,536,2.11,1.73,0.0,0.28,1.2,1.92,7.25,6.6
REM31,Pierrefonds-Roxboro,70382,69297,1.6,2601.0,74635,6.0,35222,830,18652,7585,11606,4134,5210,9726,93,452,3171,269,393,84,169,915,70,372,2.4,12.0,166.81,3.93,88.34,35.92,54.97,19.58,24.67,46.06,0.44,2.14,15.02,1.27,1.86,0.4,0.8,4.33,0.33,1.76,83.3,311,252,0,58,404,335,1360,1.47,1.19,0.0,0.27,1.91,1.59,6.44,6.07
REM33,Rivière-des-Prairies-Pointe-aux-Trembles,107941,106743,1.1,2553.0,114702,6.3,56292,1391,30466,16607,16502,7933,10511,11529,98,981,7347,1287,1618,85,316,3306,123,1604,2.5,14.4,173.84,4.3,94.08,51.28,50.96,24.5,32.46,35.6,0.3,3.03,22.69,3.97,5.0,0.26,0.98,10.21,0.38,4.95,88.54,471,686,3,137,757,995,3049,1.45,2.12,0.01,0.42,2.34,3.07,9.42,8.86
REM24,Rosemont-La Petite-Patrie,141813,139590,1.6,8947.2,151016,6.5,84335,1457,54599,34593,15436,12843,16144,25417,952,1354,10732,7900,4297,901,559,13657,189,2286,1.7,15.5,198.23,3.42,128.34,81.31,36.28,30.19,37.95,59.74,2.24,3.18,25.23,18.57,10.1,2.12,1.31,32.1,0.44,5.37,120.51,1470,1138,1,369,1130,1246,5354,3.46,2.67,0.0,0.87,2.66,2.93,12.58,11.82
REM15,Saint-Laurent,102104,98828,3.3,2387.3,110365,8.1,86120,15898,29911,19545,30988,9323,10055,13228,292,1047,5289,770,494,261,417,1942,32,1065,18.5,13.3,281.15,51.9,97.65,63.81,101.16,30.44,32.83,43.18,0.95,3.42,17.27,2.51,1.61,0.85,1.36,6.34,0.1,3.48,90.34,692,709,3,152,642,1662,3860,2.26,2.31,0.01,0.5,2.1,5.43,12.6,11.66
REM14,Saint-Léonard,79495,78305,1.5,5892.9,83571,5.1,29589,869,16960,9022,9321,2439,5731,6229,30,595,4375,954,598,26,159,1737,94,646,2.9,8.5,124.07,3.64,71.12,37.83,39.08,10.23,24.03,26.12,0.13,2.49,18.34,4.0,2.51,0.11,0.67,7.28,0.39,2.71,67.65,381,529,3,202,667,891,2673,1.6,2.22,0.01,0.85,2.8,3.74,11.21,10.66
REM12,Verdun,70377,69229,1.7,7244.2,76017,8.0,39793,970,21302,13163,12833,4688,6239,9826,438,551,4248,2989,1401,398,170,4958,36,603,2.4,12.1,188.48,4.59,100.89,62.35,60.78,22.2,29.55,46.54,2.07,2.61,20.12,14.16,6.64,1.89,0.81,23.48,0.17,2.86,93.41,519,431,0,127,429,391,1897,2.46,2.04,0.0,0.6,2.03,1.85,8.98,8.32
REM19,Ville-Marie,104944,89170,17.7,6352.5,117823,12.3,85998,2151,54533,41715,15111,14203,18786,26672,1629,2201,5245,10301,7821,1580,1300,21002,450,3954,2.5,16.9,273.16,6.83,173.21,132.5,48.0,45.11,59.67,84.72,5.17,6.99,16.66,32.72,24.84,5.02,4.13,66.71,1.43,12.56,154.28,2860,2798,12,954,4358,2420,13402,9.08,8.89,0.04,3.03,13.84,7.69,42.57,37.92
REM25,Villeray-Saint-Michel-Parc-Extension,145090,143853,0.9,8798.7,154204,6.3,74594,1079,44757,29853,19736,9022,15148,20062,583,1593,7371,6653,3058,545,607,10863,521,2328,1.4,12.3,171.37,2.48,102.83,68.59,45.34,20.73,34.8,46.09,1.34,3.66,16.93,15.28,7.03,1.25,1.39,24.96,1.2,5.35,96.75,1161,1116,6,334,1280,1450,5347,2.67,2.56,0.01,0.77,2.94,3.33,12.28,11.56
