code_mamh,borough,population_2023_07_01
REM05,Outremont,27075
REM09,Anjou,45677
REM12,Verdun,76017
REM14,Saint-Léonard,83571
REM15,Saint-Laurent,110365
REM16,Montréal-Nord,93250
REM17,LaSalle,90975
REM19,Ville-Marie,117823
REM20,Le Sud-Ouest,93088
REM21,Le Plateau-Mont-Royal,113295
REM22,Mercier–Hochelaga-Maisonneuve,149629
REM23,Ahuntsic-Cartierville,144232
REM24,Rosemont–La Petite-Patrie,151016
REM25,Villeray–Saint-Michel–Parc-Extension,154204
REM27,Lachine,50172
REM31,Pierrefonds-Roxboro,74635
REM32,L’Île-Bizard–Sainte-Geneviève,20022
REM33,Rivière-des-Prairies–Pointe-aux-Trembles,114702
REM34,Côte-des-Neiges–Notre-Dame-de-Grâce,185463
